album_id,track_id,track_name,track_number,duration_ms,explicit,track_url,popularity
1aqg30bNvLSWgShZgX4oop,2BwO5K8Q7EPAJSGze3AAh9,Manchild,1,213645,TRUE,https://open.spotify.com/track/2BwO5K8Q7EPAJSGze3AAh9,88
1aqg30bNvLSWgShZgX4oop,42VUCXerQ5qTr4Qp6PhKo4,Tears,2,160183,FALSE,https://open.spotify.com/track/42VUCXerQ5qTr4Qp6PhKo4,91
1aqg30bNvLSWgShZgX4oop,3EMfeKtNK4q4k3sVjwg5Yy,My Man on Willpower,3,197817,TRUE,https://open.spotify.com/track/3EMfeKtNK4q4k3sVjwg5Yy,84
1aqg30bNvLSWgShZgX4oop,5B3GZOZYXNzWpUXQC42hxZ,Sugar Talking,4,183770,TRUE,https://open.spotify.com/track/5B3GZOZYXNzWpUXQC42hxZ,82
1aqg30bNvLSWgShZgX4oop,6wkYQMrFfb0huLB5Qn19Iv,We Almost Broke Up Again Last Night,5,203378,TRUE,https://open.spotify.com/track/6wkYQMrFfb0huLB5Qn19Iv,80
1aqg30bNvLSWgShZgX4oop,4SRShYMtFIGgnOU7iBicMH,Nobody’s Son,6,182576,TRUE,https://open.spotify.com/track/4SRShYMtFIGgnOU7iBicMH,87
1aqg30bNvLSWgShZgX4oop,1PdUyYYw9sGU0yhLrpeHKt,Never Getting Laid,7,208211,TRUE,https://open.spotify.com/track/1PdUyYYw9sGU0yhLrpeHKt,81
1aqg30bNvLSWgShZgX4oop,0je57Uq5eTk1wrPzn9sWbl,When Did You Get Hot?,8,145398,FALSE,https://open.spotify.com/track/0je57Uq5eTk1wrPzn9sWbl,91
1aqg30bNvLSWgShZgX4oop,1qyw5wSUkEvH8DtaCdx7Lg,Go Go Juice,9,193315,TRUE,https://open.spotify.com/track/1qyw5wSUkEvH8DtaCdx7Lg,83
1aqg30bNvLSWgShZgX4oop,21IVPfi81m6ywNgOvqTj1i,Don’t Worry I’ll Make You Worry,10,222320,TRUE,https://open.spotify.com/track/21IVPfi81m6ywNgOvqTj1i,79
1aqg30bNvLSWgShZgX4oop,25jgQBxuUkGDdCG1WGKKN9,House Tour,11,169214,FALSE,https://open.spotify.com/track/25jgQBxuUkGDdCG1WGKKN9,86
1aqg30bNvLSWgShZgX4oop,4tVVmShMF2PYdLqcejrsy2,Goodbye,12,225084,TRUE,https://open.spotify.com/track/4tVVmShMF2PYdLqcejrsy2,82
3WzBIQmn2hrulLeTY9smkk,0lTDxglypMd8e8Q5hnmDnI,Taste,1,157280,FALSE,https://open.spotify.com/track/0lTDxglypMd8e8Q5hnmDnI,62
3WzBIQmn2hrulLeTY9smkk,2OyX4SHk1oVRBP2dBOqRqC,Please Please Please,2,186360,TRUE,https://open.spotify.com/track/2OyX4SHk1oVRBP2dBOqRqC,61
3WzBIQmn2hrulLeTY9smkk,5JiTjhx7lhqYgsIGpo0VFy,Good Graces,3,185266,TRUE,https://open.spotify.com/track/5JiTjhx7lhqYgsIGpo0VFy,62
3WzBIQmn2hrulLeTY9smkk,6Dr0QDwc9g69u5H7vuIyxh,Sharpest Tool,4,218280,TRUE,https://open.spotify.com/track/6Dr0QDwc9g69u5H7vuIyxh,61
3WzBIQmn2hrulLeTY9smkk,7wJkgAZNkRMQz1FOMS5z6Y,Coincidence,5,164200,FALSE,https://open.spotify.com/track/7wJkgAZNkRMQz1FOMS5z6Y,60
3WzBIQmn2hrulLeTY9smkk,0NtuiQlHqh0iVYUIMLEHi4,Bed Chem,6,171880,FALSE,https://open.spotify.com/track/0NtuiQlHqh0iVYUIMLEHi4,62
3WzBIQmn2hrulLeTY9smkk,2LU2CYKUZUc1iAErxJb1dK,Espresso,7,175453,TRUE,https://open.spotify.com/track/2LU2CYKUZUc1iAErxJb1dK,60
3WzBIQmn2hrulLeTY9smkk,1QBEAcc13ipZG7OvT2z2v1,Dumb & Poetic,8,133480,TRUE,https://open.spotify.com/track/1QBEAcc13ipZG7OvT2z2v1,60
3WzBIQmn2hrulLeTY9smkk,13djc4bqGG8n26PmsAuByA,Slim Pickins,9,152200,FALSE,https://open.spotify.com/track/13djc4bqGG8n26PmsAuByA,60
3WzBIQmn2hrulLeTY9smkk,0w1qp04v2zehJXctW0JPjy,Juno,10,223186,TRUE,https://open.spotify.com/track/0w1qp04v2zehJXctW0JPjy,63
3WzBIQmn2hrulLeTY9smkk,0I6ZBVBb7DXfjVVCM0NmSQ,Lie To Girls,11,202000,TRUE,https://open.spotify.com/track/0I6ZBVBb7DXfjVVCM0NmSQ,59
3WzBIQmn2hrulLeTY9smkk,0LB0SY2DW67uRjbDWcAHMZ,Don’t Smile,12,206333,FALSE,https://open.spotify.com/track/0LB0SY2DW67uRjbDWcAHMZ,63
3WzBIQmn2hrulLeTY9smkk,1zhvxTuSha22nsUT5Nw8gE,15 Minutes,13,191519,TRUE,https://open.spotify.com/track/1zhvxTuSha22nsUT5Nw8gE,76
3WzBIQmn2hrulLeTY9smkk,6nrSo5ZWhsai0oeX257rRF,Please Please Please (feat. Dolly Parton),14,184136,FALSE,https://open.spotify.com/track/6nrSo5ZWhsai0oeX257rRF,59
3WzBIQmn2hrulLeTY9smkk,5YwBaDW36fztKNnoiHQar3,Couldn’t Make It Any Harder,15,179857,TRUE,https://open.spotify.com/track/5YwBaDW36fztKNnoiHQar3,70
3WzBIQmn2hrulLeTY9smkk,0b0Dz0Gi86SVdBxYeiQcCP,Busy Woman,16,186612,TRUE,https://open.spotify.com/track/0b0Dz0Gi86SVdBxYeiQcCP,82
3WzBIQmn2hrulLeTY9smkk,1Y66A5zH3iPOWCDIuSDQR5,Bad Reviews,17,141393,FALSE,https://open.spotify.com/track/1Y66A5zH3iPOWCDIuSDQR5,68
3iPSVi54hsacKKl1xIR2eH,5G2f63n7IPVPPjfNIGih7Q,Taste,1,157279,FALSE,https://open.spotify.com/track/5G2f63n7IPVPPjfNIGih7Q,87
3iPSVi54hsacKKl1xIR2eH,2tHwzyyOLoWSFqYNjeVMzj,Please Please Please,2,186365,TRUE,https://open.spotify.com/track/2tHwzyyOLoWSFqYNjeVMzj,84
3iPSVi54hsacKKl1xIR2eH,102YUQbYmwdBXS7jwamI90,Good Graces,3,185265,TRUE,https://open.spotify.com/track/102YUQbYmwdBXS7jwamI90,78
3iPSVi54hsacKKl1xIR2eH,3iPIDAFybaoyqX7hvAfWkl,Sharpest Tool,4,218284,TRUE,https://open.spotify.com/track/3iPIDAFybaoyqX7hvAfWkl,73
3iPSVi54hsacKKl1xIR2eH,5oIVNm56t6OIf9ZjdEG3ud,Coincidence,5,164202,FALSE,https://open.spotify.com/track/5oIVNm56t6OIf9ZjdEG3ud,74
3iPSVi54hsacKKl1xIR2eH,1UHS8Rf6h5Ar3CDWRd3wjF,Bed Chem,6,171869,FALSE,https://open.spotify.com/track/1UHS8Rf6h5Ar3CDWRd3wjF,83
3iPSVi54hsacKKl1xIR2eH,2HRqTpkrJO5ggZyyK6NPWz,Espresso,7,175459,TRUE,https://open.spotify.com/track/2HRqTpkrJO5ggZyyK6NPWz,86
3iPSVi54hsacKKl1xIR2eH,5VhvD0AKRprEaFtPNKGBQR,Dumb & Poetic,8,133478,TRUE,https://open.spotify.com/track/5VhvD0AKRprEaFtPNKGBQR,70
3iPSVi54hsacKKl1xIR2eH,0XkZmBCCcdMY0EPY8ij6Gb,Slim Pickins,9,152195,FALSE,https://open.spotify.com/track/0XkZmBCCcdMY0EPY8ij6Gb,71
3iPSVi54hsacKKl1xIR2eH,21B4gaTWnTkuSh77iWEXdS,Juno,10,223192,TRUE,https://open.spotify.com/track/21B4gaTWnTkuSh77iWEXdS,84
3iPSVi54hsacKKl1xIR2eH,5il0jwWUlvgtIzWvzJi12z,Lie To Girls,11,202001,TRUE,https://open.spotify.com/track/5il0jwWUlvgtIzWvzJi12z,69
3iPSVi54hsacKKl1xIR2eH,09LrGvT9KsACH66RHYMDyR,Don’t Smile,12,206295,FALSE,https://open.spotify.com/track/09LrGvT9KsACH66RHYMDyR,78
2g4aJTa5ejGpp0O0GKzWAQ,6xi4KL7KDYjzz3wuvLBeOg,emails i can’t send,1,104408,TRUE,https://open.spotify.com/track/6xi4KL7KDYjzz3wuvLBeOg,57
2g4aJTa5ejGpp0O0GKzWAQ,3o99q6o0C2HdEiXJbLL5Wb,Vicious,2,149890,TRUE,https://open.spotify.com/track/3o99q6o0C2HdEiXJbLL5Wb,56
2g4aJTa5ejGpp0O0GKzWAQ,2Irr5XfPM6cyoKijHSCrqM,Read your Mind,3,207849,FALSE,https://open.spotify.com/track/2Irr5XfPM6cyoKijHSCrqM,57
2g4aJTa5ejGpp0O0GKzWAQ,53pcTIVGVE58vWWM7hfYPl,Tornado Warnings,4,204179,TRUE,https://open.spotify.com/track/53pcTIVGVE58vWWM7hfYPl,57
2g4aJTa5ejGpp0O0GKzWAQ,1Y7qOCA4FMQlxJjpekw8X0,because i liked a boy,5,196458,TRUE,https://open.spotify.com/track/1Y7qOCA4FMQlxJjpekw8X0,57
2g4aJTa5ejGpp0O0GKzWAQ,443Rp7TCj7n3SNDkmRIQb6,Already Over,6,170827,FALSE,https://open.spotify.com/track/443Rp7TCj7n3SNDkmRIQb6,55
2g4aJTa5ejGpp0O0GKzWAQ,6NvlhDdVgFotNgPK30LM2T,how many things,7,243880,TRUE,https://open.spotify.com/track/6NvlhDdVgFotNgPK30LM2T,57
2g4aJTa5ejGpp0O0GKzWAQ,2emeScREzF5sqckc9Lejc4,bet u wanna,8,191025,FALSE,https://open.spotify.com/track/2emeScREzF5sqckc9Lejc4,55
2g4aJTa5ejGpp0O0GKzWAQ,6jSQ6c7OkA4ExGWM61uYcS,Nonsense,9,163648,FALSE,https://open.spotify.com/track/6jSQ6c7OkA4ExGWM61uYcS,59
2g4aJTa5ejGpp0O0GKzWAQ,2PF942PpnXkvXgLjphm8gG,Fast Times,10,174539,TRUE,https://open.spotify.com/track/2PF942PpnXkvXgLjphm8gG,55
2g4aJTa5ejGpp0O0GKzWAQ,436RVcyrHyXdqYNWGYMxx5,skinny dipping,11,177750,FALSE,https://open.spotify.com/track/436RVcyrHyXdqYNWGYMxx5,53
2g4aJTa5ejGpp0O0GKzWAQ,1pp48yqPWZIsaDSIBrVe0r,Bad for Business,12,188337,FALSE,https://open.spotify.com/track/1pp48yqPWZIsaDSIBrVe0r,54
2g4aJTa5ejGpp0O0GKzWAQ,58AFokYCv4jdJ2T0hEoQ2r,decode,13,188167,FALSE,https://open.spotify.com/track/58AFokYCv4jdJ2T0hEoQ2r,55
2g4aJTa5ejGpp0O0GKzWAQ,27Jko74ZSVY1kwt0vMY6Pu,opposite,14,168170,FALSE,https://open.spotify.com/track/27Jko74ZSVY1kwt0vMY6Pu,70
2g4aJTa5ejGpp0O0GKzWAQ,2Zo1PcszsT9WQ0ANntJbID,Feather,15,185552,TRUE,https://open.spotify.com/track/2Zo1PcszsT9WQ0ANntJbID,83
2g4aJTa5ejGpp0O0GKzWAQ,0HYhOGKAHiOsv8GW4JdMJ8,Lonesome,16,187591,TRUE,https://open.spotify.com/track/0HYhOGKAHiOsv8GW4JdMJ8,62
2g4aJTa5ejGpp0O0GKzWAQ,2t2fnYja6b2pUizMungIo0,things i wish you said,17,162748,TRUE,https://open.spotify.com/track/2t2fnYja6b2pUizMungIo0,66
5kDmlA2g9Y1YCbNo2Ufxlz,2qLyo5FeWquE7HBUbcVnEy,emails i can’t send,1,104408,TRUE,https://open.spotify.com/track/2qLyo5FeWquE7HBUbcVnEy,69
5kDmlA2g9Y1YCbNo2Ufxlz,6Alp15t6urC4opjJiyOqZu,Vicious,2,149890,TRUE,https://open.spotify.com/track/6Alp15t6urC4opjJiyOqZu,63
5kDmlA2g9Y1YCbNo2Ufxlz,4Wos0h9ECU2Z3oJMTQxpbc,Read your Mind,3,207849,FALSE,https://open.spotify.com/track/4Wos0h9ECU2Z3oJMTQxpbc,74
5kDmlA2g9Y1YCbNo2Ufxlz,5kcuHw8WtxauIWI5crMcLM,Tornado Warnings,4,204179,TRUE,https://open.spotify.com/track/5kcuHw8WtxauIWI5crMcLM,68
5kDmlA2g9Y1YCbNo2Ufxlz,32FhTAAjKZaBein150o3Px,because i liked a boy,5,196458,TRUE,https://open.spotify.com/track/32FhTAAjKZaBein150o3Px,79
5kDmlA2g9Y1YCbNo2Ufxlz,5QhJorJmjqYfETfqgBtGg3,Already Over,6,170827,FALSE,https://open.spotify.com/track/5QhJorJmjqYfETfqgBtGg3,64
5kDmlA2g9Y1YCbNo2Ufxlz,4yC3v03vIGfmV6Rag568mV,how many things,7,243880,TRUE,https://open.spotify.com/track/4yC3v03vIGfmV6Rag568mV,59
5kDmlA2g9Y1YCbNo2Ufxlz,1RAeuvRyRzCweAK3jUT0ZW,bet u wanna,8,191025,FALSE,https://open.spotify.com/track/1RAeuvRyRzCweAK3jUT0ZW,65
5kDmlA2g9Y1YCbNo2Ufxlz,6dgUya35uo964z7GZXM07g,Nonsense,9,163648,FALSE,https://open.spotify.com/track/6dgUya35uo964z7GZXM07g,84
5kDmlA2g9Y1YCbNo2Ufxlz,6n05BgVkxxz2k5ICZYa2PH,Fast Times,10,174539,TRUE,https://open.spotify.com/track/6n05BgVkxxz2k5ICZYa2PH,68
5kDmlA2g9Y1YCbNo2Ufxlz,1ZvbLYAXwvMfaPtN65QF2D,skinny dipping,11,177750,FALSE,https://open.spotify.com/track/1ZvbLYAXwvMfaPtN65QF2D,59
5kDmlA2g9Y1YCbNo2Ufxlz,38bbpkFcxgjupISR0K94UU,Bad for Business,12,188337,FALSE,https://open.spotify.com/track/38bbpkFcxgjupISR0K94UU,62
5kDmlA2g9Y1YCbNo2Ufxlz,17wMOhLqVB3DRCmTaLjwVM,decode,13,188167,FALSE,https://open.spotify.com/track/17wMOhLqVB3DRCmTaLjwVM,65
19KilSbbeHRFFZM7ChwTdP,1FjD1jpm51dH5LzLvrDVPY,In My Bed,1,189980,FALSE,https://open.spotify.com/track/1FjD1jpm51dH5LzLvrDVPY,50
19KilSbbeHRFFZM7ChwTdP,1xMHC2XPuDyBWU1ULY7eMA,Pushing 20,2,166233,FALSE,https://open.spotify.com/track/1xMHC2XPuDyBWU1ULY7eMA,48
19KilSbbeHRFFZM7ChwTdP,1AVVv4FgNLxQlV64j7dfP1,I Can't Stop Me,3,222101,FALSE,https://open.spotify.com/track/1AVVv4FgNLxQlV64j7dfP1,47
19KilSbbeHRFFZM7ChwTdP,62dMfMIAoHZcu3ne9Ie3RE,I'm Fakin,4,175309,FALSE,https://open.spotify.com/track/62dMfMIAoHZcu3ne9Ie3RE,48
19KilSbbeHRFFZM7ChwTdP,27B9H3cOefm9lWDfh9A0gj,Take Off All Your Cool,5,183755,FALSE,https://open.spotify.com/track/27B9H3cOefm9lWDfh9A0gj,45
19KilSbbeHRFFZM7ChwTdP,1CXLy7cfmAuxoIYcVM3wtK,Tell Em,6,280441,FALSE,https://open.spotify.com/track/1CXLy7cfmAuxoIYcVM3wtK,46
19KilSbbeHRFFZM7ChwTdP,6CagMrZXJUdGGIw6Eaepos,Exhale,7,164708,FALSE,https://open.spotify.com/track/6CagMrZXJUdGGIw6Eaepos,60
19KilSbbeHRFFZM7ChwTdP,1NF9ux53nctr5Rjb3c8i7D,Take You Back,8,169058,FALSE,https://open.spotify.com/track/1NF9ux53nctr5Rjb3c8i7D,44
19KilSbbeHRFFZM7ChwTdP,59tskctgqUmjCWAwhzYAFm,Looking at Me,9,181120,FALSE,https://open.spotify.com/track/59tskctgqUmjCWAwhzYAFm,76
29mlGxS6kxq1EHxlX1EAZK,1yXFAwSMDZmX2ZyDLLyQ9s,Almost Love,1,212360,FALSE,https://open.spotify.com/track/1yXFAwSMDZmX2ZyDLLyQ9s,53
29mlGxS6kxq1EHxlX1EAZK,359HNzfOXhCMHB1pNKhyfH,Paris,2,218080,FALSE,https://open.spotify.com/track/359HNzfOXhCMHB1pNKhyfH,62
29mlGxS6kxq1EHxlX1EAZK,72DnQlaqdNhz9QJZXfYe6L,Hold Tight,3,175160,FALSE,https://open.spotify.com/track/72DnQlaqdNhz9QJZXfYe6L,46
29mlGxS6kxq1EHxlX1EAZK,3WVhkjB7Y4xFruqoCAajBb,Sue Me,4,179226,FALSE,https://open.spotify.com/track/3WVhkjB7Y4xFruqoCAajBb,66
29mlGxS6kxq1EHxlX1EAZK,75wU86jr8iIiBVfD3kU3cU,prfct,5,166533,FALSE,https://open.spotify.com/track/75wU86jr8iIiBVfD3kU3cU,48
29mlGxS6kxq1EHxlX1EAZK,1YqPDOmooQQIXsRSdbRrwI,Bad Time,6,184533,FALSE,https://open.spotify.com/track/1YqPDOmooQQIXsRSdbRrwI,47
29mlGxS6kxq1EHxlX1EAZK,7Gq4tfeuWPjr6WQiB7aBXz,Mona Lisa,7,138453,FALSE,https://open.spotify.com/track/7Gq4tfeuWPjr6WQiB7aBXz,53
29mlGxS6kxq1EHxlX1EAZK,2KTdmzSdPipwFYdUdilmi3,Diamonds Are Forever,8,229533,FALSE,https://open.spotify.com/track/2KTdmzSdPipwFYdUdilmi3,49
7iOAJaGBmk67o337zaqt0R,1Xmjr9Cft2ZdiGVZPxhqCs,On Purpose,1,238133,FALSE,https://open.spotify.com/track/1Xmjr9Cft2ZdiGVZPxhqCs,57
7iOAJaGBmk67o337zaqt0R,0QTOY1FBKwC7jA33N8cLSi,Feels Like Loneliness,2,200573,FALSE,https://open.spotify.com/track/0QTOY1FBKwC7jA33N8cLSi,44
7iOAJaGBmk67o337zaqt0R,6WC5fhc9XMaCrUNKNjm9xE,Thumbs,3,216466,FALSE,https://open.spotify.com/track/6WC5fhc9XMaCrUNKNjm9xE,72
7iOAJaGBmk67o337zaqt0R,7gnUZFwdWMCaLNPDbGaq0Y,No Words,4,212586,FALSE,https://open.spotify.com/track/7gnUZFwdWMCaLNPDbGaq0Y,43
7iOAJaGBmk67o337zaqt0R,24fhYqs2KtWbHfY4Ngdf5U,Run and Hide,5,209640,FALSE,https://open.spotify.com/track/24fhYqs2KtWbHfY4Ngdf5U,46
7iOAJaGBmk67o337zaqt0R,1PnDrmc20HzbzfqVA53iYD,Mirage,6,205480,FALSE,https://open.spotify.com/track/1PnDrmc20HzbzfqVA53iYD,43
7iOAJaGBmk67o337zaqt0R,2yqhHi9QfZ5INE13sS5Bva,Don't Want It Back,7,181853,FALSE,https://open.spotify.com/track/2yqhHi9QfZ5INE13sS5Bva,44
7iOAJaGBmk67o337zaqt0R,65RTUeyKsXuiIocxEzYhMY,Shadows,8,172426,FALSE,https://open.spotify.com/track/65RTUeyKsXuiIocxEzYhMY,46
7iOAJaGBmk67o337zaqt0R,4uiZziAgyMvmKr4tujpcXm,Space,9,186293,FALSE,https://open.spotify.com/track/4uiZziAgyMvmKr4tujpcXm,43
7iOAJaGBmk67o337zaqt0R,4WFWvM4zjMgjQxmP21ezfO,All We Have Is Love,10,182293,FALSE,https://open.spotify.com/track/4WFWvM4zjMgjQxmP21ezfO,44
55huyEjfSVsk9nnmmKp5df,4pbrp5dxpqjfaf4GiS6YuO,Eyes Wide Open,1,192720,FALSE,https://open.spotify.com/track/4pbrp5dxpqjfaf4GiS6YuO,52
55huyEjfSVsk9nnmmKp5df,5K7fGxZQB0K5sPKhLe9e07,Can't Blame a Girl for Trying,2,169306,FALSE,https://open.spotify.com/track/5K7fGxZQB0K5sPKhLe9e07,57
55huyEjfSVsk9nnmmKp5df,5wX5skuafFdeF31vpM6Krl,The Middle of Starting Over,3,212760,FALSE,https://open.spotify.com/track/5wX5skuafFdeF31vpM6Krl,48
55huyEjfSVsk9nnmmKp5df,7lqkNvVxJdYDCSAwSJNzHs,We'll Be The Stars,4,186880,FALSE,https://open.spotify.com/track/7lqkNvVxJdYDCSAwSJNzHs,48
55huyEjfSVsk9nnmmKp5df,47hRbUwwBU3E2wyIA8OE4x,Two Young Hearts,5,233600,FALSE,https://open.spotify.com/track/47hRbUwwBU3E2wyIA8OE4x,43
55huyEjfSVsk9nnmmKp5df,1fVnTuUKlhkFqZ6HXV56s6,Your Love's Like,6,209080,FALSE,https://open.spotify.com/track/1fVnTuUKlhkFqZ6HXV56s6,44
55huyEjfSVsk9nnmmKp5df,694MyEbGgAtoEVYqdtfvp2,Too Young,7,254346,FALSE,https://open.spotify.com/track/694MyEbGgAtoEVYqdtfvp2,45
55huyEjfSVsk9nnmmKp5df,75s1b4uRCk6UPOPBLNdDIA,Seamless,8,186440,FALSE,https://open.spotify.com/track/75s1b4uRCk6UPOPBLNdDIA,45
55huyEjfSVsk9nnmmKp5df,3hqJdqziOPbu422kXaOyII,Right Now,9,215226,FALSE,https://open.spotify.com/track/3hqJdqziOPbu422kXaOyII,41
55huyEjfSVsk9nnmmKp5df,6rdKHwxWa9aqWyoGf1r20v,Darling I'm a Mess,10,179053,FALSE,https://open.spotify.com/track/6rdKHwxWa9aqWyoGf1r20v,41
55huyEjfSVsk9nnmmKp5df,6xQdHOX1Tq3IrKsQdLs0nc,White Flag,11,198386,FALSE,https://open.spotify.com/track/6xQdHOX1Tq3IrKsQdLs0nc,42
55huyEjfSVsk9nnmmKp5df,66g4mn8jSks0Hu1zEcc81G,Best Thing I Got,12,199280,FALSE,https://open.spotify.com/track/66g4mn8jSks0Hu1zEcc81G,42
3wRHV5fOeUcM5hvYzWZsic,42UBPzRMh5yyz0EDPr6fr1,Manchild,1,213645,TRUE,https://open.spotify.com/track/42UBPzRMh5yyz0EDPr6fr1,86
0IAo42WYRRTgBtaRUCSMK1,0pIHhMBUHAIJDv7TpLALOq,Please Please Please,1,186170,TRUE,https://open.spotify.com/track/0pIHhMBUHAIJDv7TpLALOq,46
0IAo42WYRRTgBtaRUCSMK1,6g5I925i0ti3ajw2A6IXnQ,Please Please Please - Acoustic,2,181485,TRUE,https://open.spotify.com/track/6g5I925i0ti3ajw2A6IXnQ,46
0IAo42WYRRTgBtaRUCSMK1,76hOXBTfWSB1mZH99Hg5p4,Please Please Please,3,186170,FALSE,https://open.spotify.com/track/76hOXBTfWSB1mZH99Hg5p4,36
0IAo42WYRRTgBtaRUCSMK1,4EryTXqW5cvf5yqITZEm7b,Please Please Please - Sped Up,4,152403,TRUE,https://open.spotify.com/track/4EryTXqW5cvf5yqITZEm7b,37
0IAo42WYRRTgBtaRUCSMK1,1eVXqw2ptlb6nD9x1Tby1a,Please Please Please - Slowed Down,5,210687,TRUE,https://open.spotify.com/track/1eVXqw2ptlb6nD9x1Tby1a,30
0IAo42WYRRTgBtaRUCSMK1,0QZQkQ3jbQomTZe9YQYwEq,Please Please Please - A cappella,6,186170,TRUE,https://open.spotify.com/track/0QZQkQ3jbQomTZe9YQYwEq,35
0IAo42WYRRTgBtaRUCSMK1,2BxIYKqZrXn2nMvK31cJEl,Please Please Please - Instrumental,7,186170,FALSE,https://open.spotify.com/track/2BxIYKqZrXn2nMvK31cJEl,39
5bBaoign62r1i7OV8w7mi9,5N3hjp1WNayUPZrA8kJmJP,Please Please Please,1,186365,TRUE,https://open.spotify.com/track/5N3hjp1WNayUPZrA8kJmJP,79
5bBaoign62r1i7OV8w7mi9,5KRy7KqBVoxYVSnzdkdq2w,Espresso,2,175459,TRUE,https://open.spotify.com/track/5KRy7KqBVoxYVSnzdkdq2w,49
29UKCfgIX2fgBff2uSz6qV,2rHUyJioDOKDshDDxzbISl,Espresso - Mark Ronson x FNZ Working Late Remix,1,184156,TRUE,https://open.spotify.com/track/2rHUyJioDOKDshDDxzbISl,62
29UKCfgIX2fgBff2uSz6qV,03duS4fiU5jSVOZFR7TTQa,Espresso - Mark Ronson x FNZ Working Later Remix,2,338179,TRUE,https://open.spotify.com/track/03duS4fiU5jSVOZFR7TTQa,43
29UKCfgIX2fgBff2uSz6qV,11TzHASlB6SOZQfRqjztfT,Espresso,3,175459,TRUE,https://open.spotify.com/track/11TzHASlB6SOZQfRqjztfT,41
2yIhXdfQKrzp7ENGxxI92c,6ev5nHxXH1R6CSgxHSEqHN,Espresso,1,175459,TRUE,https://open.spotify.com/track/6ev5nHxXH1R6CSgxHSEqHN,41
2yIhXdfQKrzp7ENGxxI92c,4fv9mYzwI3Ww8Hsg33OZXD,Espresso - Double Shot Version,2,149063,TRUE,https://open.spotify.com/track/4fv9mYzwI3Ww8Hsg33OZXD,45
2yIhXdfQKrzp7ENGxxI92c,5WszdMXh1g7EFgJcfJd3cQ,Espresso - On Vacation Version,3,175459,FALSE,https://open.spotify.com/track/5WszdMXh1g7EFgJcfJd3cQ,38
2yIhXdfQKrzp7ENGxxI92c,78WaYdbN5qHNbUcTXYoiAJ,Espresso - Decaf Version,4,194716,TRUE,https://open.spotify.com/track/78WaYdbN5qHNbUcTXYoiAJ,44
2yIhXdfQKrzp7ENGxxI92c,4I7dAz8IaDk76QK3n3eJir,Espresso - Mochapella Version,5,175459,TRUE,https://open.spotify.com/track/4I7dAz8IaDk76QK3n3eJir,35
2yIhXdfQKrzp7ENGxxI92c,4NdKbGmtQtUS42vmavtChz,Espresso - Espressooooo Version,6,295459,TRUE,https://open.spotify.com/track/4NdKbGmtQtUS42vmavtChz,43
5quMTd5zeI9yW5UDua8wS4,2qSkIjg1o9h3YT9RAgYN75,Espresso,1,175459,TRUE,https://open.spotify.com/track/2qSkIjg1o9h3YT9RAgYN75,85
26H0jinpdi0RSrZq90fNMF,3zPGZBbZEGqu7eY7R0NkqI,You Need Me Now? (feat. Sabrina Carpenter),1,186377,TRUE,https://open.spotify.com/track/3zPGZBbZEGqu7eY7R0NkqI,49
7EisdwWcodpmHxgpGVE5Pg,73ye7F9Ub51dQ3CrnCHFhr,A Nonsense Christmas,1,153099,FALSE,https://open.spotify.com/track/73ye7F9Ub51dQ3CrnCHFhr,81
7EisdwWcodpmHxgpGVE5Pg,3Cz6MZdwncB4qasyRPen4S,buy me presents,2,177365,TRUE,https://open.spotify.com/track/3Cz6MZdwncB4qasyRPen4S,72
7EisdwWcodpmHxgpGVE5Pg,5mi0HQrZMhRb2MRdFiUP6v,santa doesn’t know you like i do,3,189753,FALSE,https://open.spotify.com/track/5mi0HQrZMhRb2MRdFiUP6v,76
7EisdwWcodpmHxgpGVE5Pg,15WQ0CnYIbWNCWvwp7IlYr,cindy lou who,4,121360,FALSE,https://open.spotify.com/track/15WQ0CnYIbWNCWvwp7IlYr,70
7EisdwWcodpmHxgpGVE5Pg,48xGcNwekbGcux5rIjKPQM,is it new years yet?,5,158580,FALSE,https://open.spotify.com/track/48xGcNwekbGcux5rIjKPQM,68
7EisdwWcodpmHxgpGVE5Pg,7g5DlwyMdGDvcExDg5H2BA,white xmas,6,146188,FALSE,https://open.spotify.com/track/7g5DlwyMdGDvcExDg5H2BA,67
2kJnIPJHIRZlfOx0TZEKBP,30QYxvXOJZhGBF6DvpNb8w,I Knew You Were Trouble - Spotify Singles,1,233617,FALSE,https://open.spotify.com/track/30QYxvXOJZhGBF6DvpNb8w,57
2kJnIPJHIRZlfOx0TZEKBP,2l6lCBL8egSBfL4ih4KtKk,Feather - Spotify Singles,2,185452,TRUE,https://open.spotify.com/track/2l6lCBL8egSBfL4ih4KtKk,40
0TCgFAC92fkbHe2lJkwZRF,1V7sKms8MbsSYYtecDE2CW,Feather,1,185552,TRUE,https://open.spotify.com/track/1V7sKms8MbsSYYtecDE2CW,41
0TCgFAC92fkbHe2lJkwZRF,2WkrEyLzATbOK8U3xt8Ggq,Feather - Sped Up,2,153087,TRUE,https://open.spotify.com/track/2WkrEyLzATbOK8U3xt8Ggq,51
0TN8dXBkeIqDjVfUV3gPpc,2WNHUp4s806SJrsj698ZX3,That’s Not How This Works (feat. Dan + Shay & Sabrina Carpenter) - Sabrina’s Version,1,166640,FALSE,https://open.spotify.com/track/2WNHUp4s806SJrsj698ZX3,64
0TN8dXBkeIqDjVfUV3gPpc,78igyKiVngWy0bT2elK8aN,That’s Not How This Works (feat. Dan + Shay),2,165619,FALSE,https://open.spotify.com/track/78igyKiVngWy0bT2elK8aN,36
1jTN0ud3pW7ATr45S1CdpL,0DD4vkP9qDiej99eUCG4jC,Nonsense (with Coi Leray) - Remix,1,175648,TRUE,https://open.spotify.com/track/0DD4vkP9qDiej99eUCG4jC,41
2D2boDrCPl6idtxpJF6r38,7yogx3TwxGwSxO2QITsT2q,A Nonsense Christmas,1,153099,FALSE,https://open.spotify.com/track/7yogx3TwxGwSxO2QITsT2q,69
2D2boDrCPl6idtxpJF6r38,5HwvqgVOe2MV9sFbCSyf7j,Nonsense,2,163648,FALSE,https://open.spotify.com/track/5HwvqgVOe2MV9sFbCSyf7j,35
23eBqMqUmcb1wcxuXfYw6k,3pbND1eOWU5LjVSdWWe8UF,Nonsense,1,163648,FALSE,https://open.spotify.com/track/3pbND1eOWU5LjVSdWWe8UF,35
23eBqMqUmcb1wcxuXfYw6k,5KeI897tZgjezHKvxlaOaR,Nonsense - Sped Up Version,2,137514,FALSE,https://open.spotify.com/track/5KeI897tZgjezHKvxlaOaR,52
7p3M1cRTouWTpmBDhlEAKS,77Gyctcku69jSlSSYhZEkh,Vicious,1,149890,TRUE,https://open.spotify.com/track/77Gyctcku69jSlSSYhZEkh,50
2rR0wpBcmvYpxQd77BWShd,0oN3KzKOxYtyIuNiobf8Q4,Fast Times,1,174539,TRUE,https://open.spotify.com/track/0oN3KzKOxYtyIuNiobf8Q4,45
39dXXRroxeXJdEMGay4Zos,1KnwbBxKijjT8EmAryC71R,skinny dipping - Acoustic,1,192887,FALSE,https://open.spotify.com/track/1KnwbBxKijjT8EmAryC71R,31
39dXXRroxeXJdEMGay4Zos,45OXcucp7vRS6QrFXq2II3,skinny dipping,2,177750,FALSE,https://open.spotify.com/track/45OXcucp7vRS6QrFXq2II3,25
2NbUBAN5Mv7KAacJHOtC49,7u6HtmuMeuiVdwwFul5xHi,skinny dipping,1,177750,FALSE,https://open.spotify.com/track/7u6HtmuMeuiVdwwFul5xHi,42
5kxJROPwGs1X92WrcMXkdt,3DNziCcqRd2v8uQWwec1GW,Skin - Quarterhead Remix,1,187000,FALSE,https://open.spotify.com/track/3DNziCcqRd2v8uQWwec1GW,33
6JISV6SiJtQnIsNC6OVpUf,03B2SfXuvDh1m9F4tqrX07,Skin,1,177500,FALSE,https://open.spotify.com/track/03B2SfXuvDh1m9F4tqrX07,64
6LGAFuDtpOFLOU2UhGGbg4,06Kyj7sv2HzZPu4Vt4wfcO,Clouds (with Sabrina Carpenter),1,184903,FALSE,https://open.spotify.com/track/06Kyj7sv2HzZPu4Vt4wfcO,43
1RE0ZZJkxSZXdkNac4lcJD,5WokFKscrfGEGGLPTu3jgO,WOW (feat. Sabrina Carpenter) - Remix,1,179652,FALSE,https://open.spotify.com/track/5WokFKscrfGEGGLPTu3jgO,63
3Ytt3q5EhvSCbvCTrVkz11,0roOLcll6SSTYZwsQFmXqP,"Let Me Move You - From the Netflix film ""Work It""",1,147070,FALSE,https://open.spotify.com/track/0roOLcll6SSTYZwsQFmXqP,55
1Jur7yH65lqd3d4IH66uEf,2o2R6ghiVJfAqEXnlmOihz,Honeymoon Fades,1,195161,FALSE,https://open.spotify.com/track/2o2R6ghiVJfAqEXnlmOihz,54
1ODOCRQWwjfJRqJ34RtrKa,4Sp0jLZN8MgPnoGDufJS7N,On My Way - Da Tweekaz Remix,1,204198,FALSE,https://open.spotify.com/track/4Sp0jLZN8MgPnoGDufJS7N,51
1xbFduKsdGu9oRbhKH6puf,1GlBABlFOcIIlSEYcnOP3b,Sue Me - A Cappella,1,202538,FALSE,https://open.spotify.com/track/1GlBABlFOcIIlSEYcnOP3b,35
1bcvtuHyO79DNAOOhHEkEm,4n7jnSxVLd8QioibtTDBDq,On My Way,1,193797,TRUE,https://open.spotify.com/track/4n7jnSxVLd8QioibtTDBDq,74
6WZNqfmrunSLlgesOaPC5I,0EUfhpYpiA7ErIWAU7P4gx,Sue Me,1,179160,FALSE,https://open.spotify.com/track/0EUfhpYpiA7ErIWAU7P4gx,29
6WZNqfmrunSLlgesOaPC5I,0Mtz5ZTbFSkhN4yCirMOIS,Sue Me - KC Lights Remix,2,202189,FALSE,https://open.spotify.com/track/0Mtz5ZTbFSkhN4yCirMOIS,23
6WZNqfmrunSLlgesOaPC5I,4vjhSnvgxQPPg1G3ekSTBZ,Sue Me - 6am Remix,3,173500,FALSE,https://open.spotify.com/track/4vjhSnvgxQPPg1G3ekSTBZ,23
6WZNqfmrunSLlgesOaPC5I,2zAqDXHqTTcTDXgxPsA4DH,Sue Me - Marian Hill Remix,4,216842,FALSE,https://open.spotify.com/track/2zAqDXHqTTcTDXgxPsA4DH,23
6WZNqfmrunSLlgesOaPC5I,3WjGTNxFlIDjo9mjmToKf3,Sue Me - Dave Audé Remix,5,229687,FALSE,https://open.spotify.com/track/3WjGTNxFlIDjo9mjmToKf3,26
3lcQDXWOoIxMH8gEQzeETn,5SQPsKDOYDtAt64IZYPcXu,Almost Love - Stargate Warehouse Mix,1,200341,FALSE,https://open.spotify.com/track/5SQPsKDOYDtAt64IZYPcXu,27
4AICAv06yCiu66i4TOPWgO,0T4n0oydz4ZHveahETnREG,Almost Love,1,212371,FALSE,https://open.spotify.com/track/0T4n0oydz4ZHveahETnREG,30
4AICAv06yCiu66i4TOPWgO,1ECM0BN6esXwgbAlnw4UDh,Almost Love - R3HAB Remix,2,176395,FALSE,https://open.spotify.com/track/1ECM0BN6esXwgbAlnw4UDh,27
4AICAv06yCiu66i4TOPWgO,08qOK7vtuiypjql1M4dFnU,Almost Love - Acoustic,3,227964,FALSE,https://open.spotify.com/track/08qOK7vtuiypjql1M4dFnU,30
1wLllFkWq0hxBsCJ8hmCUd,7GF0URC6CuIxq2fRcCCbrO,Almost Love - R3HAB Remix,1,175000,FALSE,https://open.spotify.com/track/7GF0URC6CuIxq2fRcCCbrO,28
6lA3p7IHcwFXjdy08QkGWS,6VDRCKWp49mhQhrvAeI5QT,Alien - Acoustic,1,204629,FALSE,https://open.spotify.com/track/6VDRCKWp49mhQhrvAeI5QT,32
0960lqbJIkGdYJ97UGY9My,18YI6FM5DHrSdiO4ylzVfj,Alien - M-22 Remix,1,205199,FALSE,https://open.spotify.com/track/18YI6FM5DHrSdiO4ylzVfj,28
4mswsu3o2Bt2vYkXK9nKtC,4m3x28otCU0jIgDwng7hAo,Alien - Dark Heart Remix,1,209433,FALSE,https://open.spotify.com/track/4m3x28otCU0jIgDwng7hAo,25
3LXVxMUrioKZcoheV2zT3u,0RUTnY2B3s05fZuCHsNaUP,Alien,1,174840,FALSE,https://open.spotify.com/track/0RUTnY2B3s05fZuCHsNaUP,52
0PRCtct3H4TvrHdVBhKKxc,21HUuj1qSnAFn5iSOIlq6v,First Love - Ashworth Remix,1,190252,FALSE,https://open.spotify.com/track/21HUuj1qSnAFn5iSOIlq6v,23
0PRCtct3H4TvrHdVBhKKxc,5qJuG66jfxUgzfl6l195FO,First Love - TELYKast Remix,2,212210,FALSE,https://open.spotify.com/track/5qJuG66jfxUgzfl6l195FO,23
0PRCtct3H4TvrHdVBhKKxc,1TMmQ5JK4EewfiIAISLpzl,First Love - SAVI Remix,3,205000,FALSE,https://open.spotify.com/track/1TMmQ5JK4EewfiIAISLpzl,22
3oAvhwkc4AwieC8QHaEgVi,5XdU66WYiYmqe1mBPepVAQ,Why - Acoustic,1,184500,FALSE,https://open.spotify.com/track/5XdU66WYiYmqe1mBPepVAQ,35
78ghmfG83tQUF43coZ6FiH,3raNSxsive7mKRQvSAoAmE,Have Yourself a Merry Little Christmas,1,226713,FALSE,https://open.spotify.com/track/3raNSxsive7mKRQvSAoAmE,59
7syMmofF2t1xI0RFCtrSG9,01iyINEYgPQ7ThMZuHUsqS,First Love,1,207427,FALSE,https://open.spotify.com/track/01iyINEYgPQ7ThMZuHUsqS,44
55QjSqhCofvsx559gCIMI7,1byScELwcJffsdL5QWa6Yk,Why,1,171096,FALSE,https://open.spotify.com/track/1byScELwcJffsdL5QWa6Yk,61
3ztD4sCnTmP4ntaIoAJTwC,3h0RJYaohnvXg5SmWD1dZF,Sign of the Times,1,253269,FALSE,https://open.spotify.com/track/3h0RJYaohnvXg5SmWD1dZF,41
